name,label
bmx_bicycles/00000033.jpg,bmx_bicycles
bmx_bicycles/00000144.jpeg,bmx_bicycles
bmx_bicycles/00000166.png,bmx_bicycles
bmx_bicycles/00000035.jpg,bmx_bicycles
bmx_bicycles/00000022.jpeg,bmx_bicycles
bmx_bicycles/00000019.jpg,bmx_bicycles
bmx_bicycles/00000004.jpeg,bmx_bicycles
bmx_bicycles/00000062.jpg,bmx_bicycles
bmx_bicycles/00000103.jpg,bmx_bicycles
bmx_bicycles/00000114.jpg,bmx_bicycles
bmx_bicycles/00000131.jpg,bmx_bicycles
bmx_bicycles/00000111.jpg,bmx_bicycles
bmx_bicycles/00000011.jpg,bmx_bicycles
bmx_bicycles/00000154.jpg,bmx_bicycles
bmx_bicycles/00000141.jpg,bmx_bicycles
bmx_bicycles/00000161.jpg,bmx_bicycles
bmx_bicycles/00000008.jpg,bmx_bicycles
bmx_bicycles/00000024.JPG,bmx_bicycles
bmx_bicycles/00000013.jpg,bmx_bicycles
bmx_bicycles/00000075.jpg,bmx_bicycles
bmx_bicycles/00000143.jpg,bmx_bicycles
bmx_bicycles/00000037.jpg,bmx_bicycles
bmx_bicycles/00000134.jpg,bmx_bicycles
bmx_bicycles/00000092.jpg,bmx_bicycles
bmx_bicycles/00000074.jpg,bmx_bicycles
bmx_bicycles/00000128.jpg,bmx_bicycles
bmx_bicycles/00000046.jpg,bmx_bicycles
bmx_bicycles/00000032.jpg,bmx_bicycles
bmx_bicycles/00000066.jpg,bmx_bicycles
bmx_bicycles/00000162.jpg,bmx_bicycles
bmx_bicycles/00000064.jpg,bmx_bicycles
bmx_bicycles/00000125.JPG,bmx_bicycles
bmx_bicycles/00000059.jpg,bmx_bicycles
bmx_bicycles/00000123.jpg,bmx_bicycles
bmx_bicycles/00000060.jpg,bmx_bicycles
bmx_bicycles/00000118.jpg,bmx_bicycles
bmx_bicycles/00000067.jpg,bmx_bicycles
bmx_bicycles/00000175.jpg,bmx_bicycles
bmx_bicycles/00000028.jpg,bmx_bicycles
bmx_bicycles/00000080.jpg,bmx_bicycles
bmx_bicycles/00000036.jpg,bmx_bicycles
bmx_bicycles/00000172.jpg,bmx_bicycles
bmx_bicycles/00000180.png,bmx_bicycles
bmx_bicycles/00000016.jpg,bmx_bicycles
bmx_bicycles/00000023.jpg,bmx_bicycles
bmx_bicycles/00000142.png,bmx_bicycles
bmx_bicycles/00000153.jpg,bmx_bicycles
bmx_bicycles/00000045.jpg,bmx_bicycles
bmx_bicycles/00000061.jpg,bmx_bicycles
bmx_bicycles/00000113.jpg,bmx_bicycles
bmx_bicycles/00000047.jpg,bmx_bicycles
bmx_bicycles/00000147.jpg,bmx_bicycles
bmx_bicycles/00000190.jpg,bmx_bicycles
bmx_bicycles/00000138.jpg,bmx_bicycles
bmx_bicycles/00000112.jpg,bmx_bicycles
bmx_bicycles/00000119.jpg,bmx_bicycles
bmx_bicycles/00000093.jpg,bmx_bicycles
bmx_bicycles/00000005.jpg,bmx_bicycles
bmx_bicycles/00000139.jpg,bmx_bicycles
bmx_bicycles/00000126.jpg,bmx_bicycles
bmx_bicycles/00000136.jpg,bmx_bicycles
bmx_bicycles/00000185.jpg,bmx_bicycles
bmx_bicycles/00000039.jpg,bmx_bicycles
bmx_bicycles/00000173.jpg,bmx_bicycles
bmx_bicycles/00000109.jpg,bmx_bicycles
bmx_bicycles/00000104.jpg,bmx_bicycles
bmx_bicycles/00000088.jpg,bmx_bicycles
bmx_bicycles/00000193.jpg,bmx_bicycles
bmx_bicycles/00000050.jpg,bmx_bicycles
bmx_bicycles/00000189.jpg,bmx_bicycles
bmx_bicycles/00000049.jpg,bmx_bicycles
bmx_bicycles/00000129.png,bmx_bicycles
bmx_bicycles/00000152.jpg,bmx_bicycles
bmx_bicycles/00000117.jpg,bmx_bicycles
bmx_bicycles/00000169.jpg,bmx_bicycles
bmx_bicycles/00000181.jpg,bmx_bicycles
bmx_bicycles/00000107.JPG,bmx_bicycles
bmx_bicycles/00000184.png,bmx_bicycles
bmx_bicycles/00000018.jpg,bmx_bicycles
bmx_bicycles/00000146.jpg,bmx_bicycles
bmx_bicycles/00000077.jpg,bmx_bicycles
bmx_bicycles/00000040.jpg,bmx_bicycles
bmx_bicycles/00000007.jpg,bmx_bicycles
bmx_bicycles/00000026.jpg,bmx_bicycles
bmx_bicycles/00000070.jpg,bmx_bicycles
bmx_bicycles/00000140.jpg,bmx_bicycles
bmx_bicycles/00000101.png,bmx_bicycles
bmx_bicycles/00000056.jpg,bmx_bicycles
bmx_bicycles/00000192.jpg,bmx_bicycles
bmx_bicycles/00000051.png,bmx_bicycles
bmx_bicycles/00000063.jpg,bmx_bicycles
bmx_bicycles/00000082.jpg,bmx_bicycles
bmx_bicycles/00000025.jpg,bmx_bicycles
bmx_bicycles/00000000.jpg,bmx_bicycles
bmx_bicycles/00000041.jpg,bmx_bicycles
bmx_bicycles/00000083.jpg,bmx_bicycles
bmx_bicycles/00000009.jpg,bmx_bicycles
bmx_bicycles/00000012.jpg,bmx_bicycles
bmx_bicycles/00000170.jpg,bmx_bicycles
bmx_bicycles/00000097.png,bmx_bicycles
bmx_bicycles/00000042.jpg,bmx_bicycles
bmx_bicycles/00000057.jpeg,bmx_bicycles
bmx_bicycles/00000079.jpg,bmx_bicycles
bmx_bicycles/00000098.jpg,bmx_bicycles
bmx_bicycles/00000087.jpg,bmx_bicycles
bmx_bicycles/00000171.jpg,bmx_bicycles
bmx_bicycles/00000010.jpg,bmx_bicycles
bmx_bicycles/00000048.jpg,bmx_bicycles
bmx_bicycles/00000029.jpg,bmx_bicycles
bmx_bicycles/00000108.jpeg,bmx_bicycles
bmx_bicycles/00000003.jpg,bmx_bicycles
bmx_bicycles/00000084.gif,bmx_bicycles
bmx_bicycles/00000149.jpg,bmx_bicycles
bmx_bicycles/00000001.jpg,bmx_bicycles
bmx_bicycles/00000176.jpg,bmx_bicycles
bmx_bicycles/00000006.jpeg,bmx_bicycles
bmx_bicycles/00000133.jpg,bmx_bicycles
bmx_bicycles/00000163.jpg,bmx_bicycles
bmx_bicycles/00000164.jpg,bmx_bicycles
bmx_bicycles/00000198.jpg,bmx_bicycles
bmx_bicycles/00000183.jpg,bmx_bicycles
bmx_bicycles/00000155.jpg,bmx_bicycles
bmx_bicycles/00000132.jpg,bmx_bicycles
bmx_bicycles/00000196.jpg,bmx_bicycles
bmx_bicycles/00000030.jpg,bmx_bicycles
bmx_bicycles/00000195.jpg,bmx_bicycles
bmx_bicycles/00000055.jpg,bmx_bicycles
bmx_bicycles/00000090.jpg,bmx_bicycles
bmx_bicycles/00000179.jpg,bmx_bicycles
bmx_bicycles/00000068.jpg,bmx_bicycles
bmx_bicycles/00000065.jpg,bmx_bicycles
bmx_bicycles/00000105.jpg,bmx_bicycles
bmx_bicycles/00000145.jpg,bmx_bicycles
bmx_bicycles/00000085.jpg,bmx_bicycles
bmx_bicycles/00000017.jpg,bmx_bicycles
bmx_bicycles/00000094.jpg,bmx_bicycles
bmx_bicycles/00000160.jpg,bmx_bicycles
bmx_bicycles/00000100.jpg,bmx_bicycles
bmx_bicycles/00000199.jpg,bmx_bicycles
bmx_bicycles/00000178.jpg,bmx_bicycles
bmx_bicycles/00000034.jpg,bmx_bicycles
bmx_bicycles/00000167.jpg,bmx_bicycles
bmx_bicycles/00000122.jpg,bmx_bicycles
bmx_bicycles/00000121.png,bmx_bicycles
bmx_bicycles/00000197.jpg,bmx_bicycles
bmx_bicycles/00000182.jpg,bmx_bicycles
bmx_bicycles/00000096.jpg,bmx_bicycles
bmx_bicycles/00000069.jpg,bmx_bicycles
bmx_bicycles/00000086.jpg,bmx_bicycles
bmx_bicycles/00000188.jpg,bmx_bicycles
bmx_bicycles/00000151.jpg,bmx_bicycles
bmx_bicycles/00000156.jpg,bmx_bicycles
bmx_bicycles/00000137.jpg,bmx_bicycles
bmx_bicycles/00000015.jpg,bmx_bicycles
bmx_bicycles/00000020.jpg,bmx_bicycles
bmx_bicycles/00000191.jpg,bmx_bicycles
bmx_bicycles/00000187.jpeg,bmx_bicycles
bmx_bicycles/00000089.jpg,bmx_bicycles
bmx_bicycles/00000054.jpg,bmx_bicycles
bmx_bicycles/00000099.jpg,bmx_bicycles
bmx_bicycles/00000091.jpg,bmx_bicycles
bmx_bicycles/00000150.jpg,bmx_bicycles
bmx_bicycles/00000159.jpg,bmx_bicycles
bmx_bicycles/00000165.jpg,bmx_bicycles
bmx_bicycles/00000071.jpg,bmx_bicycles
bmx_bicycles/00000053.jpeg,bmx_bicycles
bmx_bicycles/00000002.jpg,bmx_bicycles
bmx_bicycles/00000130.jpg,bmx_bicycles
bmx_bicycles/00000052.jpg,bmx_bicycles
bmx_bicycles/00000116.JPG,bmx_bicycles
bmx_bicycles/00000027.jpg,bmx_bicycles
bmx_bicycles/00000081.jpg,bmx_bicycles
bmx_bicycles/00000102.jpg,bmx_bicycles
bmx_bicycles/00000135.png,bmx_bicycles
bmx_bicycles/00000124.jpg,bmx_bicycles
bmx_bicycles/00000157.jpg,bmx_bicycles
bmx_bicycles/00000095.jpg,bmx_bicycles
bmx_bicycles/00000110.jpg,bmx_bicycles
bmx_bicycles/00000115.jpg,bmx_bicycles
bmx_bicycles/00000073.jpg,bmx_bicycles
bmx_bicycles/00000021.jpg,bmx_bicycles
motorbikes/00000033.jpg,motorbikes
motorbikes/00000035.jpg,motorbikes
motorbikes/00000084.jpg,motorbikes
motorbikes/00000019.jpg,motorbikes
motorbikes/00000062.jpg,motorbikes
motorbikes/00000158.jpg,motorbikes
motorbikes/00000114.jpg,motorbikes
motorbikes/00000125.jpg,motorbikes
motorbikes/00000131.jpg,motorbikes
motorbikes/00000135.jpg,motorbikes
motorbikes/00000111.jpg,motorbikes
motorbikes/00000011.jpg,motorbikes
motorbikes/00000141.jpg,motorbikes
motorbikes/00000142.jpg,motorbikes
motorbikes/00000161.jpg,motorbikes
motorbikes/00000008.jpg,motorbikes
motorbikes/00000154.jpeg,motorbikes
motorbikes/00000013.jpg,motorbikes
motorbikes/00000075.jpg,motorbikes
motorbikes/00000143.jpg,motorbikes
motorbikes/00000037.jpg,motorbikes
motorbikes/00000186.jpg,motorbikes
motorbikes/00000134.jpg,motorbikes
motorbikes/00000025.jpeg,motorbikes
motorbikes/00000078.jpg,motorbikes
motorbikes/00000092.jpg,motorbikes
motorbikes/00000192.jpeg,motorbikes
motorbikes/00000074.jpg,motorbikes
motorbikes/00000128.jpg,motorbikes
motorbikes/00000101.jpg,motorbikes
motorbikes/00000046.jpg,motorbikes
motorbikes/00000166.jpg,motorbikes
motorbikes/00000066.jpg,motorbikes
motorbikes/00000107.jpg,motorbikes
motorbikes/00000144.jpg,motorbikes
motorbikes/00000064.jpg,motorbikes
motorbikes/00000059.jpg,motorbikes
motorbikes/00000123.jpg,motorbikes
motorbikes/00000118.jpg,motorbikes
motorbikes/00000067.jpg,motorbikes
motorbikes/00000095.JPG,motorbikes
motorbikes/00000175.jpg,motorbikes
motorbikes/00000028.jpg,motorbikes
motorbikes/00000022.jpg,motorbikes
motorbikes/00000080.jpg,motorbikes
motorbikes/00000004.jpg,motorbikes
motorbikes/00000177.jpg,motorbikes
motorbikes/00000036.jpg,motorbikes
motorbikes/00000180.png,motorbikes
motorbikes/00000016.jpg,motorbikes
motorbikes/00000023.jpg,motorbikes
motorbikes/00000043.jpg,motorbikes
motorbikes/00000052.png,motorbikes
motorbikes/00000153.jpg,motorbikes
motorbikes/00000045.jpg,motorbikes
motorbikes/00000061.jpg,motorbikes
motorbikes/00000113.jpg,motorbikes
motorbikes/00000072.png,motorbikes
motorbikes/00000047.jpg,motorbikes
motorbikes/00000147.jpg,motorbikes
motorbikes/00000040.png,motorbikes
motorbikes/00000190.jpg,motorbikes
motorbikes/00000138.jpg,motorbikes
motorbikes/00000112.jpg,motorbikes
motorbikes/00000053.png,motorbikes
motorbikes/00000172.JPG,motorbikes
motorbikes/00000044.jpg,motorbikes
motorbikes/00000005.jpg,motorbikes
motorbikes/00000083.png,motorbikes
motorbikes/00000139.jpg,motorbikes
motorbikes/00000136.jpg,motorbikes
motorbikes/00000185.jpg,motorbikes
motorbikes/00000039.jpg,motorbikes
motorbikes/00000173.jpg,motorbikes
motorbikes/00000109.jpg,motorbikes
motorbikes/00000104.jpg,motorbikes
motorbikes/00000088.jpg,motorbikes
motorbikes/00000193.jpg,motorbikes
motorbikes/00000189.jpg,motorbikes
motorbikes/00000049.jpg,motorbikes
motorbikes/00000152.jpg,motorbikes
motorbikes/00000169.jpg,motorbikes
motorbikes/00000181.jpg,motorbikes
motorbikes/00000018.jpg,motorbikes
motorbikes/00000146.jpg,motorbikes
motorbikes/00000077.jpg,motorbikes
motorbikes/00000007.jpg,motorbikes
motorbikes/00000026.jpg,motorbikes
motorbikes/00000058.jpg,motorbikes
motorbikes/00000116.jpg,motorbikes
motorbikes/00000140.jpg,motorbikes
motorbikes/00000056.jpg,motorbikes
motorbikes/00000032.jpeg,motorbikes
motorbikes/00000063.jpg,motorbikes
motorbikes/00000082.jpg,motorbikes
motorbikes/00000000.jpg,motorbikes
motorbikes/00000041.jpg,motorbikes
motorbikes/00000012.jpg,motorbikes
motorbikes/00000170.jpg,motorbikes
motorbikes/00000057.jpg,motorbikes
motorbikes/00000103.png,motorbikes
motorbikes/00000126.png,motorbikes
motorbikes/00000079.jpg,motorbikes
motorbikes/00000098.jpg,motorbikes
motorbikes/00000087.jpg,motorbikes
motorbikes/00000171.jpg,motorbikes
motorbikes/00000010.jpg,motorbikes
motorbikes/00000048.jpg,motorbikes
motorbikes/00000029.jpg,motorbikes
motorbikes/00000014.png,motorbikes
motorbikes/00000003.jpg,motorbikes
motorbikes/00000076.jpg,motorbikes
motorbikes/00000124.png,motorbikes
motorbikes/00000149.jpg,motorbikes
motorbikes/00000168.jpg,motorbikes
motorbikes/00000001.jpg,motorbikes
motorbikes/00000133.jpeg,motorbikes
motorbikes/00000176.jpg,motorbikes
motorbikes/00000129.jpg,motorbikes
motorbikes/00000050.png,motorbikes
motorbikes/00000164.jpg,motorbikes
motorbikes/00000198.jpg,motorbikes
motorbikes/00000184.jpg,motorbikes
motorbikes/00000183.jpg,motorbikes
motorbikes/00000155.jpg,motorbikes
motorbikes/00000132.jpg,motorbikes
motorbikes/00000120.jpg,motorbikes
motorbikes/00000196.jpg,motorbikes
motorbikes/00000030.jpg,motorbikes
motorbikes/00000195.jpg,motorbikes
motorbikes/00000127.jpg,motorbikes
motorbikes/00000093.jpeg,motorbikes
motorbikes/00000055.jpg,motorbikes
motorbikes/00000148.jpg,motorbikes
motorbikes/00000090.jpg,motorbikes
motorbikes/00000108.png,motorbikes
motorbikes/00000179.jpg,motorbikes
motorbikes/00000106.jpg,motorbikes
motorbikes/00000068.jpg,motorbikes
motorbikes/00000065.jpg,motorbikes
motorbikes/00000105.jpg,motorbikes
motorbikes/00000085.jpg,motorbikes
motorbikes/00000094.jpg,motorbikes
motorbikes/00000160.jpg,motorbikes
motorbikes/00000100.jpg,motorbikes
motorbikes/00000199.jpg,motorbikes
motorbikes/00000178.jpg,motorbikes
motorbikes/00000034.jpg,motorbikes
motorbikes/00000121.jpg,motorbikes
motorbikes/00000006.jpg,motorbikes
motorbikes/00000187.jpg,motorbikes
motorbikes/00000167.jpg,motorbikes
motorbikes/00000122.jpg,motorbikes
motorbikes/00000197.jpg,motorbikes
motorbikes/00000182.jpg,motorbikes
motorbikes/00000096.jpg,motorbikes
motorbikes/00000069.jpg,motorbikes
motorbikes/00000086.jpg,motorbikes
motorbikes/00000081.jpeg,motorbikes
motorbikes/00000174.jpg,motorbikes
motorbikes/00000188.jpg,motorbikes
motorbikes/00000151.jpg,motorbikes
motorbikes/00000156.jpg,motorbikes
motorbikes/00000137.jpg,motorbikes
motorbikes/00000015.jpg,motorbikes
motorbikes/00000020.jpg,motorbikes
motorbikes/00000051.jpg,motorbikes
motorbikes/00000191.jpg,motorbikes
motorbikes/00000089.jpg,motorbikes
motorbikes/00000099.jpg,motorbikes
motorbikes/00000150.jpeg,motorbikes
motorbikes/00000091.jpg,motorbikes
motorbikes/00000159.jpg,motorbikes
motorbikes/00000038.png,motorbikes
motorbikes/00000165.jpg,motorbikes
motorbikes/00000071.jpg,motorbikes
motorbikes/00000130.jpg,motorbikes
motorbikes/00000027.jpg,motorbikes
motorbikes/00000097.jpg,motorbikes
motorbikes/00000102.jpg,motorbikes
motorbikes/00000070.jpeg,motorbikes
motorbikes/00000157.jpg,motorbikes
motorbikes/00000110.jpg,motorbikes
motorbikes/00000115.jpg,motorbikes
motorbikes/00000031.jpg,motorbikes
motorbikes/00000021.jpg,motorbikes
road_bicycles/00000033.jpg,road_bicycles
road_bicycles/00000035.jpg,road_bicycles
road_bicycles/00000084.jpg,road_bicycles
road_bicycles/00000019.jpg,road_bicycles
road_bicycles/00000092.png,road_bicycles
road_bicycles/00000062.jpg,road_bicycles
road_bicycles/00000158.jpg,road_bicycles
road_bicycles/00000103.jpg,road_bicycles
road_bicycles/00000114.jpg,road_bicycles
road_bicycles/00000125.jpg,road_bicycles
road_bicycles/00000161.png,road_bicycles
road_bicycles/00000135.jpg,road_bicycles
road_bicycles/00000194.jpg,road_bicycles
road_bicycles/00000011.jpg,road_bicycles
road_bicycles/00000141.jpg,road_bicycles
road_bicycles/00000142.jpg,road_bicycles
road_bicycles/00000119.gif,road_bicycles
road_bicycles/00000008.jpg,road_bicycles
road_bicycles/00000013.jpg,road_bicycles
road_bicycles/00000075.jpg,road_bicycles
road_bicycles/00000143.jpg,road_bicycles
road_bicycles/00000037.jpg,road_bicycles
road_bicycles/00000186.jpg,road_bicycles
road_bicycles/00000134.jpg,road_bicycles
road_bicycles/00000162.png,road_bicycles
road_bicycles/00000078.jpg,road_bicycles
road_bicycles/00000024.jpg,road_bicycles
road_bicycles/00000128.jpg,road_bicycles
road_bicycles/00000046.jpg,road_bicycles
road_bicycles/00000038.jpg,road_bicycles
road_bicycles/00000032.jpg,road_bicycles
road_bicycles/00000166.jpg,road_bicycles
road_bicycles/00000066.jpg,road_bicycles
road_bicycles/00000144.jpg,road_bicycles
road_bicycles/00000064.jpg,road_bicycles
road_bicycles/00000059.jpg,road_bicycles
road_bicycles/00000123.jpg,road_bicycles
road_bicycles/00000060.jpg,road_bicycles
road_bicycles/00000118.jpg,road_bicycles
road_bicycles/00000067.jpg,road_bicycles
road_bicycles/00000090.JPG,road_bicycles
road_bicycles/00000175.jpg,road_bicycles
road_bicycles/00000028.jpg,road_bicycles
road_bicycles/00000022.jpg,road_bicycles
road_bicycles/00000080.jpg,road_bicycles
road_bicycles/00000004.jpg,road_bicycles
road_bicycles/00000177.jpg,road_bicycles
road_bicycles/00000036.jpg,road_bicycles
road_bicycles/00000172.jpg,road_bicycles
road_bicycles/00000016.jpg,road_bicycles
road_bicycles/00000043.jpg,road_bicycles
road_bicycles/00000153.jpg,road_bicycles
road_bicycles/00000045.jpg,road_bicycles
road_bicycles/00000061.jpg,road_bicycles
road_bicycles/00000113.jpg,road_bicycles
road_bicycles/00000047.jpg,road_bicycles
road_bicycles/00000138.jpg,road_bicycles
road_bicycles/00000044.jpg,road_bicycles
road_bicycles/00000093.jpg,road_bicycles
road_bicycles/00000005.jpg,road_bicycles
road_bicycles/00000139.jpg,road_bicycles
road_bicycles/00000107.png,road_bicycles
road_bicycles/00000108.jpg,road_bicycles
road_bicycles/00000126.jpg,road_bicycles
road_bicycles/00000136.jpg,road_bicycles
road_bicycles/00000185.jpg,road_bicycles
road_bicycles/00000039.jpg,road_bicycles
road_bicycles/00000173.jpg,road_bicycles
road_bicycles/00000109.jpg,road_bicycles
road_bicycles/00000104.jpg,road_bicycles
road_bicycles/00000088.jpg,road_bicycles
road_bicycles/00000190.jpeg,road_bicycles
road_bicycles/00000193.jpg,road_bicycles
road_bicycles/00000074.png,road_bicycles
road_bicycles/00000050.jpg,road_bicycles
road_bicycles/00000189.jpg,road_bicycles
road_bicycles/00000049.jpg,road_bicycles
road_bicycles/00000152.jpg,road_bicycles
road_bicycles/00000117.jpg,road_bicycles
road_bicycles/00000181.jpg,road_bicycles
road_bicycles/00000018.jpg,road_bicycles
road_bicycles/00000146.jpg,road_bicycles
road_bicycles/00000077.jpg,road_bicycles
road_bicycles/00000040.jpg,road_bicycles
road_bicycles/00000007.jpg,road_bicycles
road_bicycles/00000026.jpg,road_bicycles
road_bicycles/00000058.jpg,road_bicycles
road_bicycles/00000180.jpg,road_bicycles
road_bicycles/00000116.jpg,road_bicycles
road_bicycles/00000070.jpg,road_bicycles
road_bicycles/00000140.jpg,road_bicycles
road_bicycles/00000056.jpg,road_bicycles
road_bicycles/00000023.JPG,road_bicycles
road_bicycles/00000192.jpg,road_bicycles
road_bicycles/00000063.jpg,road_bicycles
road_bicycles/00000082.jpg,road_bicycles
road_bicycles/00000025.jpg,road_bicycles
road_bicycles/00000000.jpg,road_bicycles
road_bicycles/00000041.jpg,road_bicycles
road_bicycles/00000083.jpg,road_bicycles
road_bicycles/00000009.jpg,road_bicycles
road_bicycles/00000012.jpg,road_bicycles
road_bicycles/00000170.jpg,road_bicycles
road_bicycles/00000057.jpg,road_bicycles
road_bicycles/00000042.jpg,road_bicycles
road_bicycles/00000079.jpg,road_bicycles
road_bicycles/00000098.jpg,road_bicycles
road_bicycles/00000087.jpg,road_bicycles
road_bicycles/00000171.jpg,road_bicycles
road_bicycles/00000010.jpg,road_bicycles
road_bicycles/00000029.jpg,road_bicycles
road_bicycles/00000003.jpg,road_bicycles
road_bicycles/00000076.jpg,road_bicycles
road_bicycles/00000149.jpg,road_bicycles
road_bicycles/00000168.jpg,road_bicycles
road_bicycles/00000001.jpg,road_bicycles
road_bicycles/00000176.jpg,road_bicycles
road_bicycles/00000014.jpg,road_bicycles
road_bicycles/00000133.jpg,road_bicycles
road_bicycles/00000163.jpg,road_bicycles
road_bicycles/00000156.png,road_bicycles
road_bicycles/00000164.jpg,road_bicycles
road_bicycles/00000198.jpg,road_bicycles
road_bicycles/00000184.jpg,road_bicycles
road_bicycles/00000183.jpg,road_bicycles
road_bicycles/00000155.jpg,road_bicycles
road_bicycles/00000132.jpg,road_bicycles
road_bicycles/00000053.jpg,road_bicycles
road_bicycles/00000120.jpg,road_bicycles
road_bicycles/00000196.jpg,road_bicycles
road_bicycles/00000030.jpg,road_bicycles
road_bicycles/00000195.jpg,road_bicycles
road_bicycles/00000106.png,road_bicycles
road_bicycles/00000127.jpg,road_bicycles
road_bicycles/00000055.jpg,road_bicycles
road_bicycles/00000148.jpg,road_bicycles
road_bicycles/00000020.jpeg,road_bicycles
road_bicycles/00000002.jpeg,road_bicycles
road_bicycles/00000179.jpg,road_bicycles
road_bicycles/00000072.jpg,road_bicycles
road_bicycles/00000068.jpg,road_bicycles
road_bicycles/00000065.jpg,road_bicycles
road_bicycles/00000145.jpg,road_bicycles
road_bicycles/00000187.png,road_bicycles
road_bicycles/00000085.jpg,road_bicycles
road_bicycles/00000017.jpg,road_bicycles
road_bicycles/00000094.jpg,road_bicycles
road_bicycles/00000100.jpg,road_bicycles
road_bicycles/00000069.png,road_bicycles
road_bicycles/00000199.jpg,road_bicycles
road_bicycles/00000178.jpg,road_bicycles
road_bicycles/00000034.jpg,road_bicycles
road_bicycles/00000121.jpg,road_bicycles
road_bicycles/00000006.jpg,road_bicycles
road_bicycles/00000167.jpg,road_bicycles
road_bicycles/00000122.jpg,road_bicycles
road_bicycles/00000182.jpg,road_bicycles
road_bicycles/00000096.jpg,road_bicycles
road_bicycles/00000086.jpg,road_bicycles
road_bicycles/00000174.jpg,road_bicycles
road_bicycles/00000188.jpg,road_bicycles
road_bicycles/00000151.jpg,road_bicycles
road_bicycles/00000137.jpg,road_bicycles
road_bicycles/00000015.jpg,road_bicycles
road_bicycles/00000051.jpg,road_bicycles
road_bicycles/00000191.jpg,road_bicycles
road_bicycles/00000089.jpg,road_bicycles
road_bicycles/00000054.jpg,road_bicycles
road_bicycles/00000099.jpg,road_bicycles
road_bicycles/00000091.jpg,road_bicycles
road_bicycles/00000150.jpg,road_bicycles
road_bicycles/00000159.jpg,road_bicycles
road_bicycles/00000071.jpg,road_bicycles
road_bicycles/00000130.jpg,road_bicycles
road_bicycles/00000052.jpg,road_bicycles
road_bicycles/00000027.jpg,road_bicycles
road_bicycles/00000081.jpg,road_bicycles
road_bicycles/00000097.jpg,road_bicycles
road_bicycles/00000124.jpg,road_bicycles
road_bicycles/00000110.jpg,road_bicycles
road_bicycles/00000115.jpg,road_bicycles
road_bicycles/00000073.jpg,road_bicycles
road_bicycles/00000031.jpg,road_bicycles
road_bicycles/00000021.jpg,road_bicycles
